korean,chinese
안녕하세요,你好
좋은 아침입니다,你怎么样
안녕하세요,产品
제품,你怎么样
제품,这是一个例子
어떻게 지내십니까,产品
제품,早上好
안녕하세요,产品
이것은 예시입니다,早上好
어떻게 지내십니까,产品
좋은 아침입니다,产品
좋은 아침입니다,产品
이것은 예시입니다,产品
이것은 예시입니다,你好
안녕하세요,你怎么样
좋은 아침입니다,早上好
이것은 예시입니다,你怎么样
이것은 예시입니다,早上好
이것은 예시입니다,这是一个例子
안녕하세요,你好
좋은 아침입니다,这是一个例子
어떻게 지내십니까,产品
이것은 예시입니다,你好
어떻게 지내십니까,你怎么样
제품,早上好
안녕하세요,这是一个例子
제품,早上好
이것은 예시입니다,这是一个例子
이것은 예시입니다,早上好
좋은 아침입니다,产品
어떻게 지내십니까,产品
제품,这是一个例子
제품,这是一个例子
안녕하세요,你怎么样
이것은 예시입니다,你好
이것은 예시입니다,你好
이것은 예시입니다,这是一个例子
제품,早上好
좋은 아침입니다,你怎么样
안녕하세요,这是一个例子
좋은 아침입니다,产品
제품,这是一个例子
좋은 아침입니다,早上好
제품,这是一个例子
좋은 아침입니다,产品
안녕하세요,这是一个例子
어떻게 지내십니까,你好
좋은 아침입니다,这是一个例子
어떻게 지내십니까,早上好
안녕하세요,早上好
안녕하세요,这是一个例子
어떻게 지내십니까,产品
어떻게 지내십니까,早上好
제품,早上好
제품,你好
이것은 예시입니다,你怎么样
제품,你怎么样
안녕하세요,你怎么样
좋은 아침입니다,你怎么样
좋은 아침입니다,你怎么样
이것은 예시입니다,产品
이것은 예시입니다,你怎么样
이것은 예시입니다,你好
제품,产品
안녕하세요,你好
좋은 아침입니다,这是一个例子
어떻게 지내십니까,产品
제품,早上好
이것은 예시입니다,产品
안녕하세요,你怎么样
어떻게 지내십니까,产品
이것은 예시입니다,你好
어떻게 지내십니까,你好
이것은 예시입니다,这是一个例子
이것은 예시입니다,你好
어떻게 지내십니까,你怎么样
제품,你好
안녕하세요,你好
안녕하세요,这是一个例子
어떻게 지내십니까,产品
안녕하세요,你好
어떻게 지내십니까,这是一个例子
좋은 아침입니다,产品
안녕하세요,你怎么样
이것은 예시입니다,早上好
제품,这是一个例子
어떻게 지내십니까,产品
좋은 아침입니다,你好
좋은 아침입니다,你好
어떻게 지내십니까,产品
어떻게 지내십니까,早上好
안녕하세요,早上好
어떻게 지내십니까,你怎么样
좋은 아침입니다,这是一个例子
제품,产品
안녕하세요,早上好
제품,产品
어떻게 지내십니까,产品
어떻게 지내십니까,产品
안녕하세요,早上好
